id,title,author_or_team,url,access_date,applicable_year_platform,license_or_reuse_limit,evidence_location,teaching_use,verification_status
S01,全国大学生智能汽车竞赛介绍,中国自动化学会,https://www.caa.org.cn/Content/260.html,2026-09-27,赛事背景/全国赛事,官方页面仅作链接和事实摘要,赛事介绍页面,竞赛背景；具体组别另查最终规则,页面已打开
S02,第二十一届全国大学生智能汽车竞赛-室外赛比赛规则,全国大学生智能汽车竞赛官网,https://www.smartcar.zone/contents/1151/1171.html,2026-09-27,2026/室外赛规则版本状态,官网内容只链接和摘要；不重制附件,页面日期2026-09-01；正文标“初稿供参考，以9月中旬发布最终版为准”；未用作镜头循迹参数依据,规则版本提醒；要求培训前复查组别最终文件,已打开；所见页标注初稿
S03,第二十一届全国大学生智能汽车竞赛比赛规则（页面转载/发布）,卓晴-AI硬件创业社区（CSDN页面）,https://aiot.csdn.net/6a82ced410ee7a33f29c1841.html,2026-09-27,2026/不同竞速组别；“雁过留痕”示例,第三方页面；仅链接和摘要；不假定页面托管等同规则原件,表格“雁过留痕”条目：室内PVC赛道、单摄像头检测（网页行约156-163）；仍须对照组委会原始最终版,说明不能将通用循迹讲义套所有组别,已打开；来源级别为规则转载/发布页
S04,USTB_Swan 第21届雁过留痕组部分代码开源,BiliLBD / 北京科技大学队伍,https://github.com/BiliLBD/USTB_Swan/blob/main/README.md,2026-09-27,2026/雁过留痕；README 团队自述,页面根目录未见 LICENSE；未确认子目录授权；仅链接/摘要，不复制代码和图,README 标题及“烧进车里的代码”“调试图像代码用的工具”“其他工具”“想说的话”段（网页约164-206）,图像回放/拆帧/逆透视工具、团队对8邻域/迷宫和内存取舍的个案,已打开README
S05,RT1064-Code 第16届智能视觉组主控代码,SJTU-AuTop / 上海交通大学 AuTop,https://github.com/SJTU-AuTop/RT1064-Code/blob/master/README.md,2026-09-27,第16届/NXP RT1064,根目录页面未见 LICENSE；未确认子目录授权；只链接/摘要,README 标题、团队与自制板引脚提示（网页约233-245）,硬件代际和引脚适配不是可复制的通用规则,已打开README
S06,Openart-Code 第16届智能视觉组识别代码,SJTU-AuTop / 上海交通大学 AuTop,https://github.com/SJTU-AuTop/Openart-Code/blob/main/README.md,2026-09-27,第16届/OpenART；识别任务,根目录页面未见 LICENSE；不复用模型、图片、代码和声明的性能数值,README 标题、识别任务和ROI分类描述（网页约235-257）,说明不同协处理/识别任务应与 RT1064 循迹链路分开,已打开README
S07,LiveViewer 上位机,SJTU-AuTop / 上海交通大学 AuTop,https://github.com/SJTU-AuTop/LiveViewer/blob/main/README.md,2026-09-27,RT1064-Code 配套 Qt5 上位机,根目录页面未见 LICENSE；不复用源码和界面素材,README 说明“配套上位机”及实时显示黑斑为上位机显示 bug（网页约188-196）,离线回放/中间图对照；提醒区分采集数据与显示伪影,已打开README
S08,SmartCar21-Loongson 第21届走马观碑组视觉代码,HaliFax-Desk / 项目维护者,https://github.com/HaliFax-Desk/SmartCar21-Loongson,2026-09-27,2026/走马观碑组/龙芯相关目录,根目录页面未见 LICENSE；README 标“仅供参考”；仅链接,仓库描述和 README；目录含 ImageClassify、LineDetect（网页约149-160）,组别区分/算法查阅入口，不作为摄像头循迹定论,已打开仓库
S09,Image Thresholding,OpenCV 官方文档,https://docs.opencv.org/4.12.0/d7/d4d/tutorial_py_thresholding.html,2026-09-27,OpenCV 4.12.0 Python 教程,官方文档链接/概述；示例代码由本培训原创重写,固定阈值、Otsu 类间差异、局部自适应示例及公式章节,灰度二值化/Otsu/局部阈值定义,已打开
S10,Operations with images,OpenCV 官方文档,https://docs.opencv.org/4.12.0/d5/d98/tutorial_mat_operations.html,2026-09-27,OpenCV 4.12；灰度数组与 ROI,官方 API 链接；本课只使用数组/ROI 部分,Input/Output 与 ROI 和按行列访问例,单通道图像数组及 ROI；不采用颜色转换示例,已打开
S11,Smoothing Images,OpenCV 官方文档,https://docs.opencv.org/4.13.0/dc/dd3/tutorial_gausian_median_blur_bilateral_filter.html,2026-09-27,OpenCV >=3；box/Gaussian/median/bilateral,链接官方 API；例程为本培训原创重写,Theory 与函数 blur/GaussianBlur/medianBlur/bilateralFilter 段,滤波比较及噪声取舍,已打开
S12,Geometric Transformations of Images,OpenCV 官方文档,https://docs.opencv.org/4.12.0/da/d6e/tutorial_py_geometric_transformations.html,2026-09-27,OpenCV 4.12.0; resize/warpPerspective,链接官方 API；图由本培训自绘,Scaling、Perspective Transformation、getPerspectiveTransform/warpPerspective 段,降采样插值与鸟瞰变换,已打开
S13,Contours: Getting Started,OpenCV 官方文档,https://docs.opencv.org/4.12.0/d4/d73/tutorial_py_contours_begin.html,2026-09-27,OpenCV 4.12.0; binary contour,链接官方 API；示例代码为本培训原创,What are contours; threshold/Canny prerequisites; white foreground convention,边缘/轮廓横向方案与前景极性,已打开
S14,第18届全国大学生智能汽车竞赛四轮车开源讲解-摄像头,Joshua.X（CSDN/魔乐社区）,https://modelers.csdn.net/69a7a1ea7bbde9200b9d5b64.html,2026-09-27,历史第16-18届镜头经验/旧硬件和规则,作者图片不转载；只作带出处摘要；个人经验不普遍化,摄像头高度历史规则提醒、视野测量和原图质量经验（网页约141-199）,说明视野/质量并受届次和硬件约束；不复用其具体高度推荐,已打开
S15,第17届智能车竞赛技术报告-无线充电组,山东大学（威海）队伍（CSDN转载页）,https://blog.csdn.net/zhuoqingjoking97298/article/details/126573548,2026-09-27,第17届/无线充电组个案,第三方托管队伍技术报告；不转载报告图片和代码,章节4.1赛道识别：迭代二值化、八邻域、预处理和元素识别的自述,算法组合只作为历史实例,检索结果打开；页面可读摘要
S16,智能车摄像头开源—图像基础处理、迭代优化与效果展示,三唐队队长（CSDN/DAMO）,https://damodev.csdn.net/6880a5f0bb9d8e0ecec2b1f8.html,2026-09-27,作者本人项目/平台与参数需以原文为准,个人经验；无复制代码图片；不复述自报速度数据,八邻域/迷宫法遇丢线及补框的章节（页面约313-323）；局部阈值程序仅作链接,列出边界跟踪会卡住、丢边和局部阈值的案例问题,已打开页面
S17,八邻域巡线，程序绝对可以跑，请自行阅读简单移植,村东头无敌的小瞎子（Bilibili）,https://www.bilibili.com/video/BV1VN411N79B/,2026-09-27,2023年上传的八邻域学习视频,网页访问 412；视频内容未核验；不下载/转载,标题/UP主/发布时间经 B站公开 view API 核对；不据此作技术断言,仅作为课后可选观看链接,API metadata 已返回；页面正文抓取失败
S18,智能车 圆环环岛 状态机处理开源代码,咚洞东（Bilibili）,https://www.bilibili.com/video/BV1jr421V7t1/,2026-09-27,2024年上传的圆环/状态机视频,网页抓取受限；不下载/转载，不依据未核验片段写事实,标题/UP主/发布时间经 B站公开 view API 核对；只列课后延伸观看,仅供学生课后讨论状态机问题,API metadata 已返回；页面正文抓取失败
S19,Creating a GitHub Pages site,GitHub Docs,https://docs.github.com/en/pages/getting-started-with-github-pages/creating-a-github-pages-site,2026-09-27,GitHub Pages 静态站发布,官方文档链接和摘要；按 GitHub 条款使用,Pages 静态发布源/公开可访问说明,站点部署方式说明,已打开
S20,用户提供的 KDocs 版式参考,Kingsoft Docs,https://365.kdocs.cn/l/cs5P3ADXc7JO,2026-09-27,外观参考链接,访问失败；不截图、不猜测、不作内容来源,web 打开返回 Internal Error；沿用执行流程中的备用方案,记录未访问；用目录、渐进卡片、同帧对比设计,重试失败
S21,第18届四轮车开源讲解〖1〗摄像头,Joshua.Xu,https://blog.csdn.net/qq_58114029/article/details/132006971,2026-09-27,第18届四轮车摄像头经验；历史硬件参数,文章声明 CC BY-SA 4.0；参数为个人历史经验，不外推,页首许可；总钻风/MT9V03X相机配置、灰度画面、曝光、视野章节（第41-196行）,总钻风图像采集视野/清晰度/曝光；不复制具体参数,已打开；按历史个案使用
S22,第18届四轮车开源讲解〖2〗图像处理,Joshua.Xu,https://blog.csdn.net/qq_58114029/article/details/132050763,2026-09-27,第18届四轮摄像头组；GRAY8；C代码,文章声明 CC BY-SA 4.0；节选图片保留水印/作者/链接；本培训代码重新编写,灰度数组/坐标（二值数组）与阈值/Otsu/Sobel/灰度巡线/压缩章节（第42-402行）,基础概念和学习路径；授权原图见 figures/references/ATTRIBUTIONS.md,已打开；已核对 CC BY-SA 4.0 标注
S23,第18届四轮车开源讲解〖3〗边线提取,Joshua.Xu,https://blog.csdn.net/qq_58114029/article/details/132132607,2026-09-27,第18届四轮摄像头组；历史循迹图像方法,文章声明 CC BY-SA 4.0；所用示意原图不修改并保留水印/署名,最长白列/常规中线继承/八邻域/逆透视章节（第42-471行）,以历史算法作并列教学参考；按新生案例重新模拟,已打开；已核对 CC BY-SA 4.0 标注
S24,Sobel Derivatives,OpenCV 官方文档,https://docs.opencv.org/4.12.0/d2/d2c/tutorial_sobel_derivatives.html,2026-09-27,OpenCV 4.12；单通道导数,官方文档仅引用公式/接口；程序由本培训 C99 重写,Theory 核、x/y 导数公式、输出深度说明,解释卷积核、梯度方向和截断风险,已打开
S25,第18届全国大学生智能汽车竞赛四轮车开源讲解（系列目录）,Joshua.Xu,https://blog.csdn.net/qq_58114029/article/details/131879413,2026-09-27,第18届历年开源系列导航,文章页声明 CC BY-SA 4.0；目录只作原作者系列导航,序言与子篇目录（页面第8至10和第95至125行）,指向摄像头/图像/边线子篇；本课程只采用灰度图像内容,已打开并核对 CC BY-SA 4.0
